{
  "A": {
    "A": 0.35294117647058826,
    "T": 0.29411764705882354,
    "G": 0.17647058823529413,
    "C": 0.17647058823529413
  },
  "T": {
    "A": 0.15384615384615385,
    "T": 0.15384615384615385,
    "G": 0.38461538461538464,
    "C": 0.3076923076923077
  },
  "G": {
    "A": 0.36363636363636365,
    "T": 0.36363636363636365,
    "G": 0.2727272727272727,
    "C": 0.0
  },
  "C": {
    "A": 0.625,
    "T": 0.25,
    "G": 0.0,
    "C": 0.125
  }
}